account,total_volume,total_pnl,total_trades,profitable_trades,unprofitable_trades,avg_profit_per_trade,avg_loss_per_trade,total_positive_pnl,total_negative_pnl,days_since_first_trade,days_since_last_trade,daily_mean_ROI,daily_ROI_std,MDD,close_trades_in_lastfew_months,max_volume,daily_SUM_ROI,neg_returns,exchange,mean_open_trades,median_open_trades,mode_open_trades,std_negative_returns,optimum_profit_percentage,optimum_stop_loss_percentage,ROI_Profit_Percent,trade_type,win_rate,profit_factor,sharpe_ratio,sortino_ratio,Ranking_Score
0xf9cd3d20f01601c8b773d5cb943c29917d250abe,40194.93294962282,6718.6440207354935,31,21,10,366.22775130743514,-97.21387567206455,7690.782777456137,-972.1387567206455,291,4,26.243944898502935,43.93602598171093,0.0,19.0,4545.22,813.562291853591,-89.75399218942785,GMXV1,4.25,3.5,4,6.055433024739038,7.482383249569717,-2.3923870942958914,16.715151706201663,SELL,0.6774193548387096,7.904096640212412,11.409219652506055,82.66349018034866,0.6205384998802985
0x9f7cfd8088eb4e7bed6369a3629b693a17d4d2e4,153946.666225137,12344.406665883314,37,36,1,343.4202810401756,-18.72345156300828,12363.130117446322,-18.72345156300828,394,25,12.951521787011439,22.054434523640126,0.0,14.0,14867.558583766542,479.20630611942323,-0.5507235390613126,GMXV1,1.0,1.0,1,0.09053839210690216,6.569861064491911,0.0,8.018625520497093,SELL,0.972972972972973,626.8745649283562,11.214358384995153,2461.134210772534,0.604081280721779
0x2336f8e5957ff7d2d8ab57c4cbab37f532767cba,43828.484620639036,5443.479987665006,32,24,8,245.00062150662635,-54.566866061753316,5880.0149161590325,-436.53492849402653,831,54,7.255654574980279,16.333834374636716,0.0,3.0,6543.519645312,232.18094639936893,-25.944834231095133,GMXV1,1.0,1.0,1,2.7727993114223377,1.4780517002744196,-0.011591945147775753,12.419959382081045,SELL,0.75,13.441246705494333,8.481429928943962,49.812821733054236,0.5677688709960037
0xbe7dce4cf53712dc6033bf6f48973f924ed2a2e0,109511.46344306509,6871.26820749203,30,29,1,244.7418865065214,-226.24650119709025,7097.514708689121,-226.24650119709025,641,627,5.057950154180824,5.732259098716335,0.0,0.0,28144.6547816143,151.7385046254247,-5.573538194931261,GMXV1,3.0,3.0,3,1.0175841981601588,2.309469395459854,0.0,6.274473914837597,SELL,0.9666666666666667,31.237069311498878,16.828220453410236,94.03803813528305,0.5391437538409571
0x6b78dcd3c903bda605abe9423162cd8bd979850f,1514489.1067248438,144316.35889370952,110,84,26,1790.9575123117809,-235.54123617230997,150440.4310341896,-6124.072140480059,225,133,6.868520924415013,9.232610430416555,0.0,41.0,53550.0,755.5373016856514,-42.99882026524214,GMXV2,1.0,1.0,1,0.994596625279629,4.081743813861262,0.0,9.529045686290912,SELL,0.7636363636363637,24.56157700411976,14.197602397899688,130.62248539129715,0.5281926079618703
0xac878c0f60dac4cd72a4956da2a3c8a46cda1362,449463.12135478534,37808.610273899525,55,45,10,970.9630232159489,-588.472577081817,43693.3360447177,-5884.7257708181705,823,180,19.598818575511693,28.327383240800568,0.0,0.0,32000.0,1077.9350216531432,-45.46703611827187,GMXV1,1.5,1.5,2,2.5104601370373745,5.52064631956913,0.0,8.411949385287867,SELL,0.8181818181818182,7.423780472640638,13.21346081803225,148.5581531862687,0.5263635452440463
0x0265a656af44ace2405a24a6f9cc677e49347510,563459.9345534886,28637.656187420384,116,110,6,317.6762793541128,-1051.12242358867,34944.39072895241,-6306.73454153202,278,52,6.203037283738083,7.80519934599486,0.0,17.0,25273.81249519012,719.5523249136177,-51.76028497319838,GMXV2,26.0,26.0,26,2.209686808361072,4.201967861430699,0.0,5.082465394831341,SELL,0.9482758620689655,5.540085826196624,15.163894823391605,53.38990188170156,0.5259640306739358
0x39ebc65b0b151f7c951b008e70cccbf5a8e39518,351904.2703998231,10217.973307432843,61,60,1,453.2602323276907,-16977.640632228595,27195.61393966144,-16977.640632228595,248,107,18.671268438391326,10.536671092532133,0.0,56.0,107717.33039982311,1138.9473747418708,-15.761289821434781,GMXV1,165.0,165.0,165,2.0180263724546204,19.114182463029195,0.0,2.9036229926461217,SELL,0.9836065573770492,1.6018133918234447,33.82243359259922,175.89223073978337,0.5228747775671632
0x663abb3757e245153a3e3d348d4768e13daac604,222634.8377955161,15783.780774559656,44,37,7,548.2636689541132,-643.1392823917911,20285.75575130219,-4501.974976742537,248,35,12.249288013128142,15.614120801682683,0.0,35.0,35594.68780266192,538.9686725776382,-66.1982735505537,GMXV2,37.0,37.0,37,4.2386201745007925,10.62436741876799,0.0,7.089537707057608,SELL,0.8409090909090909,4.5051895371574275,14.97827121721039,55.08195820906941,0.518495875166551
0x4a833c287a387fd31e38be89be296249d7d8e320,176486.13842479256,8088.896969397647,81,75,6,148.43278373651273,-507.26030180680135,11132.458780238456,-3043.561810840808,617,107,8.141288467111828,6.270401837953595,0.0,21.0,30560.225934048456,659.4443658360581,-27.762209764549198,GMXV1,2.0,1.0,1,1.5048734049021404,7.801978234667304,0.0,4.583304412229878,SELL,0.9259259259259259,3.656834537106593,24.765787569584397,102.67465074445204,0.5173882799344274
0x6e8a1a1d86b0e757abb948566ee307d14f4eaab9,6344627.347118845,52752.20863481078,43,40,3,1650.0858004455672,-4417.074461003971,66003.43201782269,-13251.223383011913,52,4,74.65723738015126,43.74072859337806,0.0,43.0,2886852.77611896,3210.2612073465043,-2.5058328172363256,GMXV2,11.0,11.0,11,0.21643551312959838,100.0,0.0,0.831446919554165,SELL,0.9302325581395349,4.980630805124677,32.60116033014241,6299.031886473212,0.5137741694624535
0x6b8246d5304b2e1e9cc0496c768682e49ac26181,132570.63466533483,6761.769006547689,47,39,8,174.1000527033151,-3.5166311101999197,6789.902055429289,-28.133048881599358,64,25,37.97127145155282,47.341413631329736,1115.838124369055,47.0,13000.0,1784.6497582229827,-2.944123220084812,GMXV2,1.0,1.0,1,0.19485492842436516,6.355891959715715,0.0,5.1005028554153755,SELL,0.8297872340425532,233.09960049250017,15.320347733086836,3541.2383195508064,0.5067742291189333
0x7f86d4a6af6a1d4fa8919af913a9adb7c6e028c1,3055310.2674865406,32906.65213487327,40,40,0,822.6663033718316,0.0,32906.652134873264,0.0,102,86,0.976768975446987,0.6536490532714424,0.0,40.0,255672.63805101,39.07075901787948,0.0,GMXV2,2.333333333333333,2.0,1,0.0,0.8159752298406568,0.0,1.0770314388379292,SELL,1.0,32907.652134873264,28.118995998940505,1866.1145073640344,0.5040676166977769
0xd8aadf35723e73ef4e8e63e63c3d8528efbeedac,563624.920887059,62830.638133716,34,22,12,3796.880906630408,-1725.0618176794158,83531.37994586898,-20700.741812152988,208,8,11.36794401452154,30.198639612592384,-0.0,27.0,42857.966016346,386.5100964937323,-157.68963056028716,GMXV2,1.0,1.0,1,8.704372560638596,3.4729046461320694,-5.786596825626259,11.147597596435274,SELL,0.6470588235294118,4.035041143099909,7.1894752041931005,24.92253618213713,0.5032695968890764
0xd48425f07f84c2b9079ae5e502579b68d3506015,952755.3573203692,6438.655307388243,36,35,1,184.4361394291307,-16.6095726313291,6455.264880019574,-16.6095726313291,91,25,19.950015187364556,39.88920616457389,0.0,36.0,116663.74365009836,718.200546745124,-0.33245953319937227,GMXV2,1.0,1.0,1,0.055409922199895385,0.6368852981044726,0.0,0.6757931359732265,SELL,0.9722222222222222,366.6338198652968,9.552683915920507,5827.013580929331,0.49727511505660726
0x81ebf134483d5580a4e7cf52b2798d22af1e9051,162928.19803711236,6729.848206534563,33,31,2,225.3673962619615,-128.27053879312123,6986.389284120806,-256.54107758624247,606,382,2.8388811667219374,4.086125572843169,0.0,0.0,23329.22608504012,93.68307850182393,-5.376995913112301,GMXV1,1.0,1.0,1,0.7596898502472204,1.8078797185608102,0.0,4.130560754745238,SELL,0.9393939393939394,27.131164277205247,13.240987750844516,70.4657187807749,0.492554957171002
0x5bc6a64275391dd2d79cf0431dbdd888e5ef35f1,123332.0239820322,13331.153186147889,34,21,13,772.431657722019,-222.3008943088085,16221.0648121624,-2889.9116260145106,745,22,25.13623945035341,41.0185213490843,0.0,15.0,9781.630247497298,854.632141312016,-61.42268576248123,GMXV1,2.5,1.5,1,2.9174217695287266,13.891633594521359,-2.863852975444924,10.80915787783557,SELL,0.6176470588235294,5.611401146332024,11.704715759116784,164.04441116293134,0.4902056236051503
0x09f19b46838457b7f1c70e3290559e01d5d78384,569180.3484010505,48434.35510253025,47,34,13,1875.0809584533392,-1178.3382680679438,63752.75258741353,-15318.39748488327,543,35,6.589872314260089,19.111955577221533,0.0,13.0,101781.97977917538,309.72399877022417,-119.40884419877624,GMXV1,2.5,2.5,2,6.282557220379768,3.248325758543577,-1.5746020342812659,8.509491804942444,SELL,0.723404255319149,4.161635772576817,6.584019781824782,20.007658155232956,0.4853328739272669
0x5159a56adbea403e0b5a74dfc8d9d00861c086fb,8536265.651887897,277106.5207765637,46,44,2,6335.287926874289,-823.0740029524895,278752.6687824687,-1646.148005904979,729,481,2.045052169505947,2.799982178142761,-0.0,0.0,1268294.6919826108,94.07239979727358,-5.831323313637308,GMXV1,4.0,4.0,4,0.7643246617297581,1.2516741006408567,0.0,3.246226536017869,SELL,0.9565217391304348,169.23413547728842,13.904240084816188,50.45773274439175,0.48306811902428687
0x2b0492009fbed77afe05adf5531da64e9e3ea479,5864658.4,32011.395491165953,61,60,1,535.3084422563605,-107.11104421568,32118.506535381635,-107.11104421568,173,130,0.6593983252201572,0.3741250674206703,0.0,61.0,272004.0,40.22329783842959,-0.06597327601190477,GAINS,1.0,1.0,1,0.008447012419516056,0.6154771459260869,0.0,0.5458356362438083,SELL,0.9836065573770492,297.0973665863746,32.79605624090454,682.91748431533,0.48297356166338995
0x348c2d35e8354df7bf7821051b23f5fe38f69b11,141509.61700039296,16026.827597551699,80,47,33,343.7635229899665,-3.941150999294831,16156.885580528424,-130.05798297672942,287,124,3.344989709719049,10.757253926775421,0.0,67.0,27228.21079,267.5991767775239,-6.559122466811423,GAINS,1.0,1.0,1,0.23749712308373322,0.019100683563716483,-0.04794736209289849,11.325610186272495,SELL,0.5875,123.28806848337814,5.935212367787327,258.2088142159272,0.4796782463147791
0xcdad3f7ed4d7090b5875b7340e6dfbf3076fc11e,1287261.8447502134,30346.344156028194,82,74,8,748.2418533359687,-3127.944123854186,55369.89714686168,-25023.552990833487,141,3,67.53193641774985,47.22448368964375,0.0,82.0,239625.634005456,5537.618786255488,-84.04978258174934,GMXV2,2.333333333333333,1.0,1,4.969556319587486,100.0,0.0,2.357433670530081,SELL,0.9024390243902439,2.2126627863100725,27.314701737047226,259.098552337073,0.476903908359074
0xf05b641229bb2aa63b205ad8b423a390f7ef05a7,1018537.2762689457,11005.05379159449,30,30,0,366.83512638648307,0.0,11005.053791594491,0.0,690,688,0.8583670167977195,0.7814642299044052,0.0,0.0,115263.72549019608,25.751010503931585,0.0,GMXV1,1.0,1.0,1,0.0,0.6774603729091472,0.0,1.0804762916392856,SELL,1.0,11006.053791594491,20.719924173722262,1639.907882983276,0.47445171051930407
0xf5def7515faf6ddf1e03afeb5d81d8ceca2cc552,452276.6624256169,60105.679826946674,34,17,17,3904.8871745804963,-369.2589494659854,66383.08196786843,-6277.402140921751,1003,121,6.366954874863677,33.244597441096204,25.318275178929657,1.0,75433.2328,216.47646574536503,-26.444908147234244,GMXV1,1.5,1.0,1,1.8236127700259679,0.07730230893762265,-0.6676663118431495,13.289582421651454,SELL,0.5,10.573403945438,3.657855197413129,66.33925334522641,0.47325136718025745
0x23e9da565d7bb96190dcb010f4d32fd6f3fa1875,748638.4388877709,17170.731585360023,79,75,4,281.4704881141326,-984.8887557999794,21110.286608559945,-3939.5550231999177,522,280,3.499977395932592,3.4909320219332725,0.0,0.0,50026.49,276.49821427867477,-19.95911400202019,GMXV1,10.8,10.0,9,1.910184944565221,3.260499112151093,0.0,2.293594703855983,SELL,0.9493670886075949,5.357439874400378,19.099763674895147,34.82319473968104,0.4731943571637503
0xdffbb755b9e5b17a66865eed7b9ccd1bc3af4f45,70721.41226994598,7122.800943110224,34,21,13,373.02581670283706,-54.672400588411875,7833.542150759578,-710.7412076493544,308,40,11.492650092210763,37.3731074930811,0.0,19.0,6389.91015936,390.75010313516594,-27.05564755145647,GMXV1,1.0,1.0,1,1.5726612118074004,0.3316801102765815,-0.6232357321275239,10.07163278346628,SELL,0.6176470588235294,11.007571384878048,5.873422153488206,138.7326422597721,0.4696776404959624
0xebf3c113863a3679146eeae128e967b4adafaf0d,500813725.796747,1777944.9813152591,60,56,4,31908.191095950733,-2228.430014495515,1786858.7013732411,-8913.72005798206,128,123,0.28976541993101074,0.16643199982305595,-0.0,60.0,21574862.90273,17.385925195860644,-0.2999169969195493,GMXV2,1.0,1.0,1,0.021179811323098586,0.272524471203061,0.0,0.35501123266674006,SELL,0.9333333333333333,200.43923866945468,31.377304458624952,177.54952130165546,0.4645829327501706
0x50eb42fe63fad9cb6c1ed585ae8951b3a6b0fc24,265443.0773131383,23516.55038861017,60,39,21,786.3482428388198,-340.52528962399043,30667.581470713973,-7151.031082103799,301,157,15.74138348499532,27.85481976470598,0.0,1.0,37539.31302,944.4830090997192,-125.14995588080421,GMXV2,1.0,1.0,1,3.6836059482764463,3.939188711042963,-3.6085860966959635,8.859357202549354,SELL,0.65,4.288093985980369,10.792774249053174,81.42143840529629,0.46242197564389087
0x49f188935f1ff38f64c71860f1bdfd97f1f17849,29892544.099486254,395075.2161123647,72,61,11,6910.14774049184,-2403.9814597852214,421519.0121700022,-26443.796057637435,71,5,57.2488717386052,49.51873103995314,0.0,72.0,6438782.195900083,4121.918765179575,-4.683653985763025,GMXV2,1.0833333333333333,1.0,1,0.2553011257882486,100.0,0.0,1.3216513616154695,SELL,0.8472222222222222,15.939620455052228,22.08290291056746,4122.629165591504,0.4621889103064796
0x842b1275c0709bc1cc0c6a91436fd41d7539adb5,198032.0445702276,10004.15947263896,98,80,18,224.37213249974064,-441.42284040779424,17949.770599979252,-7945.611127340297,753,125,9.966777060318826,21.465603939997315,-0.0,1.0,11000.000000000002,976.7441519112449,-124.60256226297366,GMXV1,1.0,1.0,1,3.896778256578942,6.697456908265005,0.0,5.051788206474438,SELL,0.8163265306122449,2.2589214839291265,8.866572921816674,48.73965090119574,0.46105245814146145
0x35057032026385c51e3932b4ec8e5c39e14e4802,1638371.5073964093,5867.12194816567,219,213,6,45.21267344813793,-627.1962493812849,9630.299444453378,-3763.17749628771,473,284,0.810647735263123,0.5155261584812615,40.12517233325899,0.0,495000.0094954001,177.53185402262392,-5.432172430843186,GMXV1,5.0,6.0,8,0.23255784390697656,0.7825705224491207,0.0,0.35810693250453973,SELL,0.9726027397260274,2.558673031213835,29.470280377600016,63.85035003092054,0.4598165576011572
0xccd724b9af92a3a389150334556330efd3f59487,690979.2177100795,22455.859480304713,130,115,15,254.60024031910515,-454.8778770928254,29279.027636697094,-6823.16815639238,601,107,2.3692238642206753,4.240628396870258,-0.0,6.0,57771.7794226845,307.9991023486878,-58.870074332830306,GMXV1,2.75,2.5,1,1.4795346212752625,2.0120125147723917,0.0,3.249860329334351,SELL,0.8846153846153846,4.290636890192941,10.648768639420595,30.387986773795145,0.4594900404642824
0x92812499ff2c040f93121aab684680a6e603c4a7,594517759.8714943,11429875.082695656,49,38,11,415303.4583765951,-395605.1214195419,15781531.418310614,-4351656.335614961,242,137,1.5309571570265772,4.100372706729203,0.0,29.0,40413034.9072455,75.01690069430228,-48.55456806344038,GMXV1,1.4,1.0,1,2.4739270108538087,2.3728853177870506,0.0,1.9225456082533576,SELL,0.7755102040816326,3.6265567808271433,7.115874277892831,11.775263640421242,0.45937801502132475
0x8d3ddfeb1613094ef86758ccb6e8bb64c4929e8c,924397173.6913062,3184170.386805456,136,125,11,25858.820348551028,-4380.196069402073,3232352.5435688784,-48182.1567634228,163,87,0.3917222963185675,0.3409590884943563,0.0,136.0,30236897.99871,53.27423229932518,-1.4162036292928826,MUX,1.6285714285714286,1.0,1,0.05383992064778253,0.3420017031486776,0.0,0.3444591218394162,SELL,0.9191176470588235,67.08471923995336,21.323978231032143,117.22827796617081,0.4589336886394929
0x37eb10ac8a2745c1108fdf6756e52535b00f589c,57044788.06591992,246059.78933150103,68,65,3,3790.417452011531,-105.78168308281813,246377.1343807495,-317.3450492484544,524,176,0.5075414150417519,0.3631176467749769,153.2827855855587,5.0,13182017.859840002,34.51281622283913,-0.3712810205013355,GAINS,2.0,2.0,2,0.027387962395833812,0.4293449999320648,0.0,0.4313449092792821,SELL,0.9558823529411765,773.9342419880453,25.987956354125632,259.34992168556005,0.4567858146069907
0x69e2c01a546d37174473e953ecf14933cb689e44,814675.7775224845,52670.61849865213,33,24,9,2771.8956345204024,-1539.430747759724,66525.49522848966,-13854.876729837517,318,121,15.867203528362644,22.81388744820475,0.0,20.0,297735.2575608544,523.6177164359673,-55.945120789203294,GMXV2,1.0666666666666669,1.0,1,3.7204152841258398,10.621614840030546,-0.5465816212637771,6.465224565633837,SELL,0.7272727272727273,4.801319795609194,13.281808300725007,81.26239967285991,0.45592771222775413
0x4dd3fbddcebdb85ee45207aa69d527007016c534,303382.12180561887,13045.29743815353,88,71,17,261.8891720783509,-326.40198702408134,18594.131217562914,-5548.833779409382,264,51,10.452259907175488,12.209141762171887,322.45372302591153,34.0,25417.0698,919.798871831443,-78.38389055233043,GMXV2,8.0,8.0,8,2.1192871885547016,8.921826362868176,0.0,4.29995589737217,SELL,0.8068181818181818,3.3505744418064034,16.34240350317722,93.78262651149508,0.45567278436865266
0x0fcb7a700c68187c092aee29c03f2a5e9ab6f72f,611229.1210667286,16892.478655655017,74,66,8,272.59796366522744,-137.37336828125,17991.465601905013,-1098.98694625,609,54,1.9576144638460824,3.549948172846555,0.0,16.0,59197.17024,144.8634703246101,-13.891313379374218,GMXV1,1.0,1.0,1,1.0967924687466215,1.130563646195374,0.0,2.7636900915607465,SELL,0.8918918918918919,16.35698101986,10.50581918667962,33.79149467851902,0.45547841695723096
0xe2823659be02e0f48a4660e4da008b5e1abfdf29,89671171.00484909,2177766.8580699633,172,147,25,17939.77846634466,-18375.223059308057,2637147.434552665,-459380.5764827014,611,4,21.397500369046472,37.34972050082557,0.0,52.0,4656499.199999999,3680.3700634759934,-75.55793698154885,GMXV1,1.0,1.0,1,1.465328455416739,4.606462018919473,0.0,2.428614273312208,SELL,0.8546511627906976,5.740649102091211,10.942230430869229,277.08993821137165,0.45292360539797133
0xb74ea7ce4ecfe588cd1f8305d63a7d2bdf4e0b62,1734666.1556525582,7797.290484075877,64,54,10,194.91159197287277,-272.79354824592536,10525.22596653513,-2727.9354824592538,235,3,67.76272953830022,46.53852105652378,0.0,63.0,446573.320128,4336.814690451214,-6.171636810059768,GMXV2,1.0,1.0,1,0.28750928827402056,100.0,0.0,0.4494980465646222,SELL,0.84375,3.857264502658428,27.811949782271032,4351.47802468147,0.45072687459952454
0x5980b54470993afa71edcfdadac8d7ed35fafd8b,890962.0523614275,39758.165039969885,32,26,6,1570.7457442369157,-180.20405169832057,40839.38935015981,-1081.2243101899235,304,151,3.7561726406616565,7.586780518111035,0.0,6.0,74515.8114,120.197524501173,-3.0494411526182423,GMXV1,3.0,3.0,3,0.27680041005236594,1.7013067314838886,0.0,4.4623859046065855,SELL,0.8125,37.73745328544004,9.446314444350474,250.2143477608342,0.45069176122290977
0x13e2bd02ca627cd34b5621d9da59d70cd2f59c38,467788.5942976097,9457.83858801409,151,139,12,81.79519631225023,-159.30780828239094,11369.53228740278,-1911.6936993886911,558,107,4.323268899152342,10.093345897823722,0.0,5.0,16269.3425415849,652.8136037720036,-48.292983306011664,GMXV1,1.6666666666666667,1.0,1,1.3337147734047492,2.428529688444518,0.0,2.021818980476673,SELL,0.9205298013245033,5.944774268371812,8.175107254561281,61.46835472780904,0.4495714394964392
0xd8e957c3cae3a845e2369c2b1c041cf9172a82ed,10607904.307912897,349457.1668173805,82,68,14,9622.958223029791,-21778.856596331814,654361.1591660258,-304903.9923486454,593,73,8.228344734919974,9.513388291434746,0.0,11.0,1120770.6586171875,674.7242682634378,-61.39129989739186,GMXV1,1.2,1.0,1,2.7631456002317947,6.502900556635007,0.0,3.294309193161794,SELL,0.8292682926829268,2.1461182190739323,16.506972163775263,56.68736088663963,0.44759232830075657
0x7f1f49311e760475172581d9f242fb191a82e4b7,1410452.406627099,11303.489181153203,53,51,2,321.41246441998516,-2544.2732521330204,16392.035685419243,-5088.546504266041,185,7,6.938101472209929,23.13721919444016,0.0,51.0,98867.96062625,367.7193780271262,-6.983223986182569,GMXV2,32.0,32.0,32,0.9133391436057471,0.9411213189868941,0.0,0.8014087627517987,SELL,0.9622641509433962,3.220922664068136,5.726486684874222,143.55748202247185,0.4470896011478888
0xc7078fc1c96df6f155183aa323a433130a7fb1ee,6048579.92,51704.297632521855,45,41,4,1279.0712793376524,-184.4062050804717,52441.92245284375,-737.6248203218868,393,270,0.8590365666203545,0.5398687876604841,-0.0,0.0,387200.0,38.65664549791595,-0.582106947245,GAINS,1.0,1.0,1,0.05143577853342854,0.95695625172,0.0,0.8548171358628895,SELL,0.9111111111111111,71.00075844999297,29.846885165205475,267.1386438490914,0.4461407970996663
0x374da3e9a0abf6d0c1ec02f673758fa075802c93,1014424.445978658,6399.544857794954,49,47,2,196.3011976188214,-1413.3057151448256,9226.156288084605,-2826.6114302896513,507,355,0.8352676701052621,0.8004088505273739,-0.0,0.0,75280.408775211,40.92811583515785,-4.639194982119739,GMXV1,6.0,5.0,2,0.5304752574624823,0.9724853808177624,0.0,0.6308547554392819,SELL,0.9591836734693877,3.2632334801176714,19.691007101587523,29.525433792927377,0.4456744818519717
0xb76f3310d1d8bb5fb63ee81946df70dc0cf72093,49550170.4,102418.52903200562,43,39,4,2672.390704332713,-451.1771092425477,104223.23746897581,-1804.7084369701909,189,96,0.24826571526457267,0.12239566081736931,0.0,42.0,9200000.0,10.675425756376624,-0.21018636102356364,GAINS,1.0,1.0,1,0.01773425884324781,0.26683814404935063,0.0,0.20669662325117985,SELL,0.9069767441860465,57.71930580545678,35.825266485365674,171.0198876088986,0.44561060351159076
0xbb3406cd37b3d4c1f0e35c948051060d23d7ded4,964774020.1623743,5277166.731272392,376,338,38,18801.324962071954,-28360.029102840228,6354847.83718032,-1077681.1059079287,301,141,0.4136786867413012,1.2672459698762826,0.0,49.0,15581804.49385081,155.54318621472925,-53.99780611106075,GMXV2,2.5,2.5,1,0.7443807631896027,0.25811108700994967,0.0,0.5469847467891216,SELL,0.898936170212766,5.896774941648,6.18778246279234,10.476566475073636,0.4455194566254196
0xe2a276490f776f379174daa845e3fed05acbe21d,10719380.555148704,84367.97308457937,121,114,7,773.2217731929036,-539.901294201662,88147.282143991,-3779.3090594116343,427,3,8.146064438440417,26.163508586026598,-0.0,105.0,170127.94106979173,985.6737970512905,-9.540871449022095,GMXV1,1.1428571428571428,1.0,1,0.36126420577219526,0.713203577136198,0.0,0.7870601538076375,SELL,0.9421487603305785,23.317744861239035,5.946101649420762,419.1902697724509,0.44311018579252276
0xd5d74b22b6b8ae7375775f1eaca9cee7877c1fb6,152042.7129247524,8149.88922435455,45,34,11,295.36605453914433,-172.05060272512324,10042.445854330907,-1892.5566299763557,278,36,6.7621042986165065,16.818697316028636,0.0,13.0,14943.03114333931,304.2946934377428,-75.86818074085355,GMXV1,2.0,2.0,2,5.027915911591112,2.7497990700306714,0.0,5.360262960045983,SELL,0.7555555555555555,5.30401134845189,7.676757077654547,25.643504872975782,0.4430312264513003
0x79eb604cce423dd1cba290ec946646649f4e70ec,1824097.970058858,53617.78681028568,31,27,4,2021.1876134628667,-238.5696883029303,54572.0655634974,-954.2787532117212,1038,583,4.509888124210822,4.823704159689073,-0.0,0.0,200000.0,139.8065318505355,-6.576298523273315,GMXV1,1.3333333333333333,1.0,1,0.7979576609125378,3.7223933438160883,0.0,2.9394137645225054,SELL,0.8709677419354839,57.12789631300657,17.8251065408147,106.64084988800415,0.44266529274086697
0x6e87672e63fd9e26a93035d91634a3b9a83d260c,1153539.7409445215,18334.922289984308,34,31,3,693.0585502915386,-1049.964256351131,21484.815059037697,-3149.8927690533933,212,19,6.871898593774482,23.825536079607893,0.0,20.0,230459.1382781285,233.64455218833237,-10.68850052287108,GMXV2,33.0,33.0,33,1.556059090877779,0.6907023418720097,0.0,1.5894486890388038,SELL,0.9117647058823529,6.818961048138928,5.508054773920555,83.83300416758415,0.438494538762952
0x46a6d45c0d2d6c0eec78938b9df312a5256c40ba,655669.9858524067,8921.413675590793,33,30,3,345.6527286370902,-482.72272784063836,10369.581859112706,-1448.1681835219151,549,162,1.858722893416147,2.4863085272248897,0.0,16.0,55397.232000175645,61.337855482732856,-6.527463463073817,GAINS,1.5,1.5,2,0.6410759542426001,0.9820296840071429,0.0,1.360656102626456,SELL,0.9090909090909091,7.1562307101644125,14.225345397149676,54.54179468036724,0.4384400281403398
0x0e3eb8508f847714e577dfe7b7820cbfbba45801,5090740.823619679,32513.247553346228,63,54,9,830.2539313213078,-1368.9405264449324,44833.712291350625,-12320.464738004392,95,4,63.88717386479442,48.05477806564235,8.677247926500046,63.0,900121.7208468236,4024.8919534820484,-11.398036570595591,GMXV2,8.0,8.0,8,0.7285451196784846,100.0,0.0,0.6386741867213792,SELL,0.8571428571428571,3.638748577761392,25.394120018973553,1652.6583283301695,0.4356611344849673
0xfd1cd2063ac11242467145ef97716bafc4bbb346,928498.4516,57030.23771858853,33,23,10,2950.648134070329,-1083.466936502904,67864.90708361757,-10834.66936502904,210,137,8.44349101953687,19.47346901686675,0.0,25.0,106117.396,278.6352036447167,-46.79410755596667,GAINS,1.5,1.5,1,2.6461137141446955,3.2645979989333336,-1.6304220375333336,6.142200627293811,SELL,0.696969696969697,6.263194713438517,8.279463440935354,60.732591593763836,0.4314859547024022
0xda72696cec7398b548f0b62fc094d0ab46c632d3,61012521.95732868,280585.1615809675,168,156,12,2043.6018600668276,-3184.727382454807,318801.8901704251,-38216.728589457685,528,239,0.37252919121636985,0.4311633031133398,0.0,0.0,6600000.0,62.58490412435013,-6.298849076815456,GAINS,1.0,1.0,1,0.20539123609521287,0.35214720463666666,0.0,0.4598812712203651,SELL,0.9285714285714286,8.34175399577165,16.132711299186173,33.04294238683304,0.43124158161939946
0xeb3e0e5c1604ddee4e7eda30bc8f9fa18dcc49aa,4947219.292091019,37089.29357362399,47,43,4,971.933776231406,-1175.964701081616,41793.15237795046,-4703.858804326464,96,77,0.7416253446650873,1.1808728441133107,0.0,47.0,387373.1366778,34.85639119925911,-9.423109458886024,GMXV2,12.0,12.0,12,0.6752236036783523,0.739051166360164,0.0,0.7496998087979969,SELL,0.9148936170212766,8.883189510281936,11.897770937867996,20.677531012253972,0.43059357527641207
0xacee3f5bfdf6bfc8ac03f534059252b14204b330,820094.9468316361,40347.73816970518,48,35,13,1436.2244506784787,-763.085969541659,50267.855773746756,-9920.117604041567,343,10,5.419065315527221,9.645375731405798,0.0,40.0,79751.17696007066,260.1151351453066,-71.88036162777226,GAINS,1.0,1.0,1,3.610103833128918,4.539295145966667,-0.046414418375,4.919886206540483,SELL,0.7291666666666666,5.066854136802967,10.722637871822004,28.59893037785029,0.42949057757107245
0x1ad3056bdacfc543afa8c4ae282cfa8e1d33e212,9820628.498399999,53456.77916730405,57,52,5,1057.4131152040081,-305.7405646608738,54985.48199060842,-1528.702823304369,444,411,0.48214152245197367,0.37732867632697975,0.0,0.0,393600.0,27.482066779762498,-1.0641737361183334,GAINS,1.0,1.0,1,0.07836599635446652,0.50350462737,0.0,0.5443315483933983,SELL,0.9122807017543859,35.945858994905976,23.781613435205806,104.24033262555514,0.4286250389288772
0x5fb25839bea3d4553e1aff10d8a43708ff3c600d,6498440.016331117,29012.75523305363,57,50,7,612.0669606471179,-227.22754275746632,30603.348032355894,-1590.5927993022642,72,17,0.5322840147980328,0.4164262423074172,12.143533969739911,57.0,267164.639520768,30.34018884348787,-1.241866067346338,GAINS,1.0,1.0,1,0.08349845961146769,0.5243734643933333,0.0,0.44645722912179203,SELL,0.8771929824561403,19.22875502187022,23.847668869832773,108.76405735680255,0.42590830115606343
0x6296c3c1526b0067342e488b9af960d7838e621f,13618675.9677911,25231.8057460603,102,91,11,293.57824863755155,-134.89226181426255,26715.62062601719,-1483.814879956888,63,38,0.1918912853773464,0.17142438629800372,0.0,102.0,267608.116308,19.572911108489333,-1.2406364375273333,GAINS,1.0,1.0,1,0.042681887441488674,0.20033347976733334,0.0,0.18527355967448583,SELL,0.8921568627450981,17.993233356331203,20.207194492260378,69.58896192993242,0.42357955355263865
0x6aa45246ae51fdb66844e6400691c22098b8dd23,3199414.3272,16866.597092972937,273,253,20,142.19028481734466,-955.3772482907636,35974.1420587882,-19107.544965815272,246,170,0.45407525546042277,3.2850085988871274,0.0,1.0,33703.9872,123.96254474069542,-177.31793408002363,GAINS,1.1,1.0,1,2.795920692988754,0.7637758514499999,0.0,0.527177644657668,SELL,0.9267399267399268,1.8826730200099937,2.632799070000915,3.091710894207307,0.4165705688964908
0x965d7608e75db2d0cd0312f092773b957eb4fb09,28453346.496,77362.90807018372,41,35,6,2227.704513803864,-101.12498549191632,77969.65798313523,-606.7499129514979,167,96,0.208294169552374,0.12929961150175756,0.0,41.0,2640000.0,8.540060951647334,-0.2927898550198246,GAINS,1.0,1.0,1,0.02145273686280147,0.25406010459066664,0.0,0.2718938810275251,SELL,0.8536585365853658,128.29398461692213,28.56759239175312,126.52172493193103,0.41602766739413627
0x58203dd7b18b262f7a422f75d79cbb230752a74e,5989003.484583071,156540.02916451468,88,70,18,3669.0284925035917,-5571.7758505964875,256831.9944752514,-100291.96531073678,383,25,4.644495685080911,12.423279685320614,0.0,9.0,606958.6936839337,408.7156202871202,-132.51866862151903,GAINS,1.0,1.0,1,4.065040590113621,1.9197192276200976,0.0,2.6137909180964907,SELL,0.7954545454545454,2.560827608192739,7.136730429824838,21.774743959121285,0.4106857797171204
0x975f59a9c2367ea9d0cb65a498b9697ef6b2d745,8687863.997547448,5232.930378453408,40,36,4,146.7112100398836,-12.168295745600442,5281.60356143581,-48.67318298240177,211,25,0.17657482578925912,0.33162367622793854,0.0,14.0,462000.0,7.062993031570365,-0.8720526864052245,GAINS,1.0833333333333333,1.0,1,0.0753309748988316,0.05544023343406666,0.0,0.060232646136388006,SELL,0.9,106.34719267551935,9.874776090614168,39.53379548285877,0.4103489236114368
0xb5e3c46f8bf8fe16ea0c674874f6af6d7f326322,10558883.8074,11169.087802596252,541,487,54,228.8502058033574,-1857.0548596970143,111450.05022623505,-100280.96242363878,193,90,-0.002182637963337632,4.888609029850728,0.0,428.0,99600.0,-1.180807138165659,-582.2215918787925,GAINS,1.0,1.0,1,4.375492867094488,0.601380784,0.0,0.10577905777094168,SELL,0.9001848428835489,1.1113768371964314,-0.008512465372353848,-0.009508450019879093,0.4096737027064418
0x32e0d5f7b903dac9a782f68620406aba6cd34fd4,5851945.123103676,31529.00946144738,120,102,18,559.4497532446816,-1418.6036316394523,57063.87483095752,-25534.865369510142,382,2,33.48024554570227,47.264833954572964,0.0,93.0,212735.21565862207,4017.629465484272,-43.23940722917257,GAINS,1.0,1.0,1,1.3942309041550032,1.0584528898772683,0.0,0.538778283086931,SELL,0.85,2.234695163262141,13.530226116550425,455.50855712910777,0.4089017568553969
0x15efcd0e7fcbce2cee8a289cddcfa90544f0a829,5186712.442599731,92196.27699755377,32,25,7,3961.185346850257,-976.1938105289506,99029.63367125642,-6833.356673702654,108,103,1.898751118986629,1.578183276901225,0.0,32.0,500014.26,60.76003580757213,-4.250887428057588,GMXV2,7.0,7.0,7,0.2824088401973033,2.5653595813150116,0.0,1.7775474930964617,SELL,0.78125,14.490117855907062,22.840933865108813,124.0577718816424,0.40632529051434413
0x8dbcb482501fcd082c4fa6b285dabf05dad4b817,2644361.5154002663,9201.961663001064,90,78,12,294.1791797551616,-1145.3345298251288,22945.976020902606,-13744.014357901546,150,10,18.81619552244305,38.054633686841655,0.0,90.0,231827.94457525865,1693.4575970198744,-25.683462736380513,GMXV2,1.2,1.0,1,1.3132603294299348,0.7538219925700566,0.0,0.3479842528871549,SELL,0.8666666666666667,1.6694763223518325,9.444013402590405,271.6645415177627,0.4057845527871639
0x64c2315653ca6f6cb862cdc65470e3674f0f97ae,2663907.3152,9598.050736643429,166,150,16,239.17155517189278,-1642.3551586962806,35875.73327578392,-26277.68253914049,213,108,0.003945710337217238,7.192589483417518,0.0,92.0,166083.2,0.6549879159780616,-251.03482228923485,GAINS,1.0,1.0,1,5.7996437406553225,0.609766456,0.0,0.3602997252148328,SELL,0.9036144578313253,1.365240940916567,0.010466053954706806,0.012975441096246716,0.40548199135109664
0xb6dd3dd179d472dcc0e6d7b0d427edf9b256498f,10869614.619887527,48624.16336821821,44,39,5,2322.4073478385494,-8389.944639497047,90573.88656570343,-41949.72319748524,446,4,4.389449514914629,21.64376131924412,0.0,9.0,804168.0,193.13577865624367,-39.65160992231932,GAINS,3.0,3.0,3,4.537587082974989,0.4025773300579082,0.0,0.44734026981281644,SELL,0.8863636363636364,2.1590780721304226,3.8727828388375927,18.440617783308785,0.40547353021423893
0x500d3db7361e7f613e13426566b8464abfd559e0,10195051.8368,5654.5687,36,33,3,460.5476012121212,-3181.1673799999994,15198.07084,-9543.502139999999,224,202,0.08171362622143041,0.3334014259143036,-0.0,0.0,632145.02353,2.941690543971495,-2.26517759491662,MUX,1.0294117647058822,1.0,1,0.2960626755290241,0.1420224038285731,0.0,0.05546385433362194,SELL,0.9166666666666666,1.5924424990489867,4.5460982953071065,5.100708978174641,0.40506514917110936
0x80d244316a910714fb43bcd7c2d6134e41f7515a,574888.5879558712,8742.63718178829,34,28,6,561.3134630470568,-1162.356630588217,15716.77696531759,-6974.139783529302,192,132,3.398202502379137,5.402241670026847,0.0,27.0,55083.04748021508,115.53888508089065,-21.58974693517604,GMXV2,11.0,11.0,11,1.9893005799626449,2.4382673781168505,0.0,1.5207533015874337,SELL,0.8235294117647058,2.2533995666198194,11.995504193606267,32.47263983229108,0.4045609414093712
0x3245a608bd54c9a34bd56264f403c71127d140a3,30198476.127353452,179101.00647846027,41,34,7,8707.489378053471,-16707.66176790824,296054.638853818,-116953.63237535769,338,5,27.701520970465612,44.37982186243639,0.0,27.0,2517887.5095308,1135.7623597890902,-6.116243038870725,GMXV2,30.0,30.0,30,0.48949575829235814,0.7033416621189358,0.0,0.5930796167434175,SELL,0.8292682926829268,2.531371633948181,11.922481164147943,1059.5421607664878,0.40325034035059937
0xc666a112cce75a0e12116b38319cfc0d59943b56,10987966.946334122,72871.95842891412,48,43,5,1920.3684096076563,-1940.7766368430202,82575.84161312922,-9703.883184215101,489,404,0.9511898627657535,3.2615012683094595,0.0,0.0,2279366.35335,45.65711341275617,-24.54748208477596,MUX,1.0,1.0,1,2.039183004184996,0.7097836971954695,0.0,0.6631978307254205,SELL,0.8958333333333334,8.508792949454524,5.554776025328379,8.868147342098586,0.4028858771301836
0xd468808cc9e30f0ae5137805fff7ffb213984250,68333651.10529536,1217117.1615937168,1110,787,323,2415.6472468811226,-2117.638457280887,1901114.3832954434,-683997.2217017266,124,3,5.846653315852167,18.06089279910746,-0.0,1110.0,200000.0,6489.785180595906,-790.1703189996612,GMXV2,31.52173913043478,19.0,1,1.7475100932968044,2.26136267069291,-0.20288975403753928,1.7811387828791123,SELL,0.709009009009009,2.779415681177705,6.181219489372675,63.555910823064444,0.3984052823436846
0x4415af1941df328b5ada8f93a7141abaec8296df,428687957.0877811,868977.3857091103,125,103,22,9468.437814455556,-4830.5322354459995,975249.0948889223,-106271.70917981198,156,5,0.23862132058601776,0.31336160181882056,0.0,125.0,19279175.8488,29.82766507325222,-4.804489404950526,GAINS,1.0,1.0,1,0.10989075941274332,0.2130613035477935,0.0,0.20270627418889042,SELL,0.824,9.176863019825836,14.098315641150776,38.02506507591011,0.39568162230541876
0x3245fe23dfbea68e559e4d9ca611c827baf6e1b7,9315708.208895978,7691.198902971982,88,77,11,949.3772259040138,-5946.440681057917,73102.04639460906,-65410.84749163708,90,40,0.37053666461103457,1.8689440195641713,0.0,88.0,372504.32,32.607226485771044,-37.42793704896985,GMXV2,2.0,2.0,1,1.5930641935218137,0.7521116830325947,0.0,0.08256161239171617,SELL,0.875,1.1175811293811155,3.767591244799514,4.4159760202903255,0.39492452556232127
0x27d06c2cba7e16673b4b9f5387b06af8c6b1d7b7,8133031.993155616,93279.99006915872,279,222,57,861.9910295313969,-1720.737166435287,191362.0085559701,-98082.01848681136,196,5,11.112071033578955,27.64411753967961,36.769895947026825,274.0,162862.19854178056,3100.2678183685284,-137.82804838393724,GMXV2,114.0,114.0,114,1.291824437868784,2.255313059565566,0.0,1.146927617494421,SELL,0.7956989247311828,1.9510309889341502,7.676824932327948,163.0756136040044,0.3939822268713422
0x01a323596fbd1b8a2540574a7e763b772314fc44,325184.05629543954,9349.129574349827,40,29,11,654.9761160160314,-876.8343445559168,18994.30736446491,-9645.177790115085,249,3,26.460371531690704,43.84405716126218,-0.0,31.0,55015.26,1058.414861267628,-84.20654705094569,GMXV2,1.0,1.0,1,4.279283834342879,5.172521134444855,-0.7300306905958531,2.8750270480222624,SELL,0.725,1.9692056043099617,11.52743260315569,117.85759763758642,0.39242731215946264
0x6f484e203f4e5c4849b7561c07a045c6b37c0d05,339431.8459812683,9450.982963864704,31,23,8,471.92466066136,-175.41052891832214,10854.26719521128,-1403.2842313465771,123,54,1.605133208313045,5.01674038681124,0.0,31.0,44394.31,49.7591294577044,-17.524389227553737,GMXV2,23.0,23.0,23,2.317499393718088,0.679982592268638,-0.011068334504940429,2.7843536414630523,SELL,0.7419354838709677,7.7301068778662385,6.1005790087842255,13.175525187742707,0.38925438855663275
0xc063e169e71782a33d04d0b83fc09d04a2f00965,1226422.969032323,28864.18353488716,38,28,10,1253.9349678601204,-624.5995565196204,35110.17910008337,-6245.995565196204,145,3,20.484541844125605,38.45286452647097,0.0,38.0,103053.51343040064,778.412590076773,-16.73320022440838,GMXV2,4.071428571428571,3.5,1,1.145398890827202,3.712483542357618,-0.1669004208177663,2.353526007235635,SELL,0.7368421052631579,5.620490479567134,10.174921375278203,338.7199222119985,0.3884850266708492
0x58791b7d2cfc8310f7d2032b99b3e9dffaae4f17,8525680.81864804,51652.50511326749,83,66,17,1359.026424750942,-2237.837583546747,89695.74403356216,-38043.238920294694,131,60,1.9417631250086835,2.2020008615050144,0.0,83.0,1000000.0,161.16633937572072,-16.855774102029056,GMXV2,20.0,20.0,20,0.4497449347271689,1.8412407354466598,0.0,0.605846104398948,SELL,0.7951807228915663,2.357695845131323,16.770939406129706,80.69111720963788,0.38630342519023464
0xf966bff7ab73a409a5ba1213d4ea9a928487e785,5903072.663871308,14870.871839523057,32,27,5,2194.273633711664,-8874.903254138375,59245.38811021493,-44374.51627069188,97,36,0.6160358286714636,2.4514661319867703,0.0,32.0,491393.06725884,19.713146517486834,-19.089209254990244,GMXV2,15.0,15.0,15,1.7750467379064683,0.9597816697560806,0.0,0.2519174790196561,SELL,0.84375,1.3351143398267262,4.781438114619085,6.593299621459121,0.3848102045501703
0x5ce6f3798b9ca0797e1027e9b86e7df0ba61e593,40322145.78329901,344240.61972900725,655,484,171,1478.2449637037569,-2170.935337448019,715470.5624326183,-371229.9427036112,154,3,22.40415260089994,40.7098034198252,738.4595851861386,655.0,640660.63928325,14674.719953589462,-512.5528421338403,GMXV2,1.1111111111111112,1.0,1,2.1297684767801464,1.7587828736131936,-0.09313859890817926,0.8537259439987144,SELL,0.7389312977099237,1.9272950611874156,10.511611021927525,200.03600346643267,0.38142692942853834
0xfb976882336a54328dc0b5cc5c771068e780f8e0,17713920.62789792,35911.850536218546,169,137,32,935.3480593666496,-2882.213549906639,128142.684133231,-92230.83359701245,153,4,13.21098456253692,32.86396239969697,0.0,169.0,475383.1226688982,2232.6563910687396,-46.8183095319908,GMXV2,1.0,1.0,1,0.9114677516618012,0.6647104713698843,0.0,0.20273236676730072,SELL,0.8106508875739645,1.3893650287072012,7.677672153050021,273.90595625445343,0.3807185023860556
0x5d0721623557cc34f00049b6651f359e86c5683e,1529834.6003052196,6386.661871805759,46,35,11,341.556762029932,-506.1658908401692,11954.48667104762,-5567.824799241861,148,3,41.58975955194782,49.5541293010685,-0.0,46.0,90232.01586923606,1913.1289393895997,-10.449901512562406,GMXV2,1.0,1.0,1,0.5228947224459147,2.531232804879733,0.0,0.4174740112775294,SELL,0.7608695652173914,2.1468599034890157,16.0311752023155,1491.047306546167,0.3794764304838767
0x6760ff558c1db2231eb2cf1d16de05b01231193e,41910253.3726971,886494.0748034783,58,42,16,43603.443830244614,-59053.160379174704,1831344.6408702738,-944850.5660667953,176,5,11.788964436611185,30.68087607168883,26055258.38629689,58.0,6999999.999999999,683.7599373234488,-72.5393431939229,GMXV2,3.3157894736842106,2.0,1,2.952429964997965,1.9787049671096368,-0.4982286399176632,2.1152200320053294,SELL,0.7241379310344828,1.938236339591153,7.338593033023906,76.02807559275092,0.37944757456317296
0xd0ce74f8a7f5fbba9455c489165cfb41fc6681f5,2309681.706678073,39883.204885417785,111,82,29,1228.007198450573,-2097.013289225145,100696.590272947,-60813.385387529204,314,4,9.833796208487875,26.68486885208699,0.0,57.0,76241.21176927116,1091.5513791421542,-197.5770727545796,GMXV2,14.0,14.0,14,4.915745372981063,3.3027443540561614,-0.028722947160283396,1.7267835983677715,SELL,0.7387387387387387,1.6558185967229453,7.037847378388362,38.141316398045944,0.37265968725046983
0x7f4a33fa2f3547f6c1965ae7e4c4fdd5028d3413,452449.84840851795,6851.899403263021,80,57,23,283.43324598505393,-404.51285295152394,16155.695021148074,-9303.79561788505,332,4,26.33479885354269,43.276001465457156,185.0706658738494,70.0,17450.2263837825,2106.7839082834153,-130.41391373239333,GMXV2,1.0,1.0,1,3.563198265450266,5.4081483556851175,-1.0148056840811868,1.51439975665025,SELL,0.7125,1.7363836546922926,11.623287174155253,140.80540408818143,0.3642047460294988
0x99d7a0e9fd6df0fe58548593ffbb795a47ebfc5b,4581595.837626568,24718.99923905432,44,32,12,1096.2228077686107,-863.3442174617685,35079.12984859554,-10360.130609541222,71,16,38.704209149046804,49.21485782207626,0.0,44.0,554117.44,1702.9852025580594,-13.07984492902933,GMXV2,2.952380952380953,2.0,1,0.8419725506442782,0.8862098611519353,-0.08366235490355958,0.5395281494724697,SELL,0.7272727272727273,3.3857434261364694,15.02173719235832,867.9186635476134,0.36140620730192285
0x8ca664a85ff4066b96b4a087e85c60b3624ddd44,2644966.566571935,5742.006250375258,137,107,30,583.9146534402281,-1891.2287222576385,62478.867918104406,-56736.86166772916,188,3,0.8460907704852014,4.885301174105464,0.0,132.0,262017.70269091942,115.9144355564726,-170.40081626175456,GMXV2,3.0,3.0,3,3.4390764261093234,1.483558203375971,0.0,0.21709182728223692,SELL,0.781021897810219,1.1012023731877991,3.302052498598685,4.686628962751685,0.36044223650053303
0x5587a3a7a9b34383ec8bf6dd5c9d47a3f0720d86,985888.7293846282,12272.600867310653,103,77,26,309.05797395442795,-443.2639664300114,23797.46399449095,-11524.863127180297,217,88,0.5972893560884128,4.491867583183311,0.0,83.0,53756.76148493858,61.52080367710652,-110.77420305480148,GMXV2,35.0,35.0,35,2.661028671108436,0.7854720776388064,-0.14469337153641793,1.2448261656232709,SELL,0.7475728155339806,2.0647880103980585,2.5347696072037977,4.272210646385012,0.36029983754142025
0x6345f694846335624d182c7a6ffd342b70d462af,1875389.016470401,18543.488828913112,56,41,15,834.2768428775288,-1044.1241152710377,34205.35055797868,-15661.861729065566,132,4,11.628693783516756,31.4020659260267,2514.1675073579295,56.0,208465.92,651.2068518769383,-57.274436665528604,GMXV2,3.0,3.0,3,3.0602555302825416,1.0215167860671472,-0.15021697620203397,0.9887809231075221,SELL,0.7321428571428571,2.183914481892027,7.07262882079281,72.36071414831564,0.3568330679069093
0x565729a615e191756b7b61e97d8e83238dd44925,223765860.4023784,406435.1817154141,420,316,104,4635.525550210225,-10176.83550145209,1464826.0738664314,-1058390.8921510172,247,9,1.9288650241404774,12.909613129290191,0.0,329.0,5312880.626872697,810.1233101390005,-175.70837312313836,GMXV2,4.0,4.0,4,1.2297521469483648,0.37416302968681703,0.0,0.18163413354680538,SELL,0.7523809523809524,1.3840119947341978,2.8523233764618365,29.724420832200828,0.355726996294848
0x00cb97487391d0ac7819c77098dbfd75b1d76787,2879948.318139881,26231.749427578827,32,23,9,1915.615635655988,-1980.8233547232112,44059.159620087725,-17827.4101925089,235,9,17.149877381461472,36.44228267148363,0.0,19.0,332958.6,548.7960762067671,-15.591036859851332,GMXV2,4.0,4.0,4,1.10215776956572,2.093591763902084,-0.053711975768472864,0.9108409780256597,SELL,0.71875,2.4713454056941555,8.988406851564235,294.60563625560167,0.3526813853334926
0x95146a294cdddd08ce38175b08d7b93f8ec1c3e1,1144467.213484577,40533.204171018675,35,22,13,2795.727218563503,-1613.2918951829527,61505.99880839706,-20972.794637378385,201,133,1.7090857735722413,6.932551213575034,248.56503403041646,25.0,395015.6716092347,59.818002075028446,-63.789834623827375,GMXV2,14.0,14.0,14,3.2983714710521737,1.9039327817008567,-3.6127803645204235,3.54166582436264,SELL,0.6285714285714286,2.932564176955492,4.703175655837386,9.869519835602366,0.35214715732587387
0xe0aa80ba0df25af4bda73b92b5bb62d6ca1edc96,3520606.34172,18582.682340000003,162,121,41,255.8431082800097,-301.81301858246746,30957.01610188117,-12374.333761881166,193,27,0.41582925513493113,2.324820398940387,0.0,143.0,148611.75345,67.36433933185884,-70.74309322382946,MUX,1.1964285714285714,1.0,1,1.6740086574590516,0.37764141773839954,-0.017264199804339072,0.5278261906135575,SELL,0.7469135802469136,2.501590397281961,3.402577246690319,4.71755696109665,0.35174783153674666
0x35e9eb96ca427db06420aab4f2309e95e3c259cf,8763022.807263194,71996.6412015614,160,112,48,749.5711391086843,-249.06929955440054,83951.96758017264,-11955.326378611226,419,25,0.6753446206727955,1.700510108109634,0.0,80.0,296736.05808,108.0551393076473,-34.10060522129986,MUX,1.1071428571428572,1.0,1,0.6446739321728632,0.35583071583588044,-0.06872950465610678,0.8215959582107591,SELL,0.7,7.021635653101343,7.543036898966147,19.708193999266676,0.34109331180410224
0x79610ebaa5c9669d34482dedf44b148e0b4fdab1,1016415.9674270415,7290.98555500482,33,23,10,345.3447840062987,-65.19444771400507,7942.93003214487,-651.9444771400506,347,274,0.6298328020529012,1.4273878199389305,143.68368617364754,0.0,79396.38781233208,20.78448246774574,-4.824207743098954,MUX,1.0303030303030305,1.0,1,0.5836644397284645,0.2509410288582183,-0.05799791207516528,0.7173230044251708,SELL,0.696969696969697,12.166317826808067,8.37139331553473,20.268922951106074,0.328674761567478
